{
  "mean": [
    -92.82158798394855,
    -12.378179738080586,
    5.899808457344924,
    47.850803844157944,
    13.205420546494691,
    592.1170299621222
  ],
  "scale": [
    10.85231552752163,
    2.469692534687768,
    9.068259673106164,
    0.004299538384380982,
    0.06606928273926402,
    38.31224337837014
  ],
  "feature_names": [
    "RSRP",
    "RSRQ",
    "SINR",
    "Latitude",
    "Longitude",
    "Elevation"
  ]
}