{
  "test_mae": 2.930884517777324,
  "test_rmse": 3.5449571964641886,
  "test_r2": 0.8166832164473394,
  "epochs_trained": 38,
  "final_train_loss": 12.81897258758545,
  "final_val_loss": 12.523874282836914
}